{
    "Eye": [200, 200, 1000],
    "Lights": [
        
        {
            "position": [-200, 600, 1500],
            "color": [1.0, 1.0, 1.0]
        }
    ],
    "Objects": [
        {
            "type": "plane",
            "comment": "Red plane",
            "a": 0.0,
	        "b": 0.0,
	        "c": 1.0,
	        "d": 100.0,
            "material":
            {
                "color": [1.0, 0.0, 0.0],
                "ka": 0.2,
                "kd": 0.7,
                "ks": 0.5,
                "n": 64
            }
        }, {
            "type": "plane",
            "comment": "White plane",
            "a": 1.0,
            "b": 1.0,
            "c": 0.0,
            "d": 100.0,
            "material":
            {
                "color": [1.0, 1.0, 1.0],
                "ka": 0.2,
                "kd": 0.7,
                "ks": 0.5,
                "n": 64
            }
        }
    ]
}