{
    "Eye": [200, 200, 1000],
    "Lights": [
        {
            "position": [-200, 600, 1500],
            "color": [1.0, 1.0, 1.0]
        }
    ],
    "Objects": [
        {
            "type": "triangle",
            "comment": "Blue triangle",
            "vertex1": [40, 370, 100],
	        "vertex2": [140, 270, 100],
	        "vertex3": [120, 320, 100],
            "material":
            {
                "color": [0.0, 0.0, 1.0],
                "ka": 0.2,
                "kd": 0.7,
                "ks": 0.5,
                "n": 64
            }
        },
        {
            "type": "triangle",
            "comment": "Yellow triangle",
            "vertex1": [200, 50, 10],
            "vertex2": [300, 100, 60],
            "vertex3": [280, 300, 60],
            "material":
            {
                "color": [1.0, 0.0, 0.0],
                "ka": 0.2,
                "kd": 0.7,
                "ks": 0.5,
                "n": 64
            }
        }

    ]
}
