{
    "Eye": [200, 200, 1000],
    "Lights": [
        {
            "position": [-200, 600, 1500],
            "color": [1.0, 1.0, 1.0]
        }
    ],
    "Objects": [
        {
            "type": "quad",
            "comment": "Green quad",
            "vertex1": [40, 40, 200],
	        "vertex2": [50, 100, 200],
	        "vertex3": [200, 120, 200],
	        "vertex4": [250, 40, 40],
            "material":
            {
                "color": [0.0, 1.0, 0.0],
                "ka": 0.2,
                "kd": 0.7,
                "ks": 0.5,
                "n": 64
            }
        }, {
            "type": "quad",
            "comment": "Red quad",
            "vertex1": [40, 240, 200],
            "vertex2": [50, 340, 200],
            "vertex3": [200, 360, 200],
            "vertex4": [250, 240, 40],
            "material":
            {
                "color": [1.0, 0.0, 0.0],
                "ka": 0.2,
                "kd": 0.7,
                "ks": 0.5,
                "n": 64
            }
        }, {
            "type": "quad",
            "comment": "Blue quad",
            "vertex1": [300, 300, 100],
            "vertex2": [40, 200, 100],
            "vertex3": [400, 390, 100],
            "vertex4": [400, 200, 100],
            "material":
            {
                "color": [0.0, 0.0, 1.0],
                "ka": 0.2,
                "kd": 0.7,
                "ks": 0.5,
                "n": 64
            }
        }
    ]
}
