{
    "Eye": [200, 200, 1000],
    "Lights": [
        
        {
            "position": [-200, 600, 1500],
            "color": [1.0, 1.0, 1.0]
        }
    ],
    "Objects": [
        {
            "type": "plane",
            "comment": "Red plane",
            "a": 0.0,
	        "b": 0.0,
	        "c": 1.0,
	        "d": 100.0,
            "material":
            {
                "color": [1.0, 0.0, 0.0],
                "ka": 0.2,
                "kd": 0.7,
                "ks": 0.5,
                "n": 64
            }
        },{
            "type": "quad",
            "comment": "Green quad",
            "vertex1": [40, 40, 200],
            "vertex2": [50, 100, 200],
            "vertex3": [200, 120, 200],
            "vertex4": [250, 40, 40],
            "material":
            {
                "color": [0.0, 1.0, 0.0],
                "ka": 0.2,
                "kd": 0.7,
                "ks": 0.5,
                "n": 64
            }
        },{
            "type": "sphere",
            "comment": "Yellow sphere",
            "position": [290, 170, 150],
            "radius": 50,
            "material":
            {
                "color": [1.0, 0.8, 0.0],
                "ka": 0.2,
                "kd": 0.7,
                "ks": 0.8,
                "n": 32
            }
        },{
            "type": "triangle",
            "comment": "Blue triangle",
            "vertex1": [40, 370, 110],
            "vertex2": [140, 270, 100],
            "vertex3": [120, 320, 80],
            "material":
            {
                "color": [0.0, 0.0, 1.0],
                "ka": 0.2,
                "kd": 0.7,
                "ks": 0.5,
                "n": 64
            }
        }
    ]
}